,0
서귀포시,22
제주,19
해수욕장,18
서귀포,9
여행,8
제주도,7
표선해수욕장,6
달,5
코스,4
모래,4
순금,4
곳,4
추천,3
제주시,3
중문색달해수욕장,3
안덕면,3
클리프,3
카페,3
해변,2
소식,2
물놀이,2
화순,2
숙소,2
여름,2
주,2
행사,2
풀장,2
댕,2
뷰,2
담수,2
쇠소깍,2
금,2
능,2
일정,2
어린이날,2
색,2
건강,2
도착,1
집,1
기진맥진,1
안내,1
변동,1
근처,1
자연휴양림,1
아이,1
아들,1
위주,1
동부,1
일,1
습관,1
덕,1
인근,1
송악산,1
순,1
표,1
주간,1
곽,1
섬,1
바다,1
링,1
쿨,1
스노,1
민속촌,1
선제,1
환상,1
천수,1
사계,1
풍경,1
관광지,1
국,1
사람,1
요즘,1
박,1
차,1
우천,1
방향,1
물,1
목장,1
필수,1
중문관광단지,1
화순해수욕장,1
대통령,1
문재인,1
글,1
정치,1
해수욕,1
해산물,1
함덕해수욕장,1
일차,1
라이딩,1
도보,1
월,1
도전,1
서핑,1
인생,1
중문,1
켄싱턴,1
근방,1
오션,1
예약,1
카약,1
효,1
볼거리,1
카트,1
미소,1
이용객,1
아침,1
산책,1
꽃,1
유채,1
계곡,1
올레길,1
덩,1
승,1
안경,1
남원,1
모음집,1
개장,1
성사,1
구좌,1
념,1
김,1
동쪽,1
당부,1
준수,1
수칙,1
방역,1
생활,1
코로나,1
프로그램,1
